주소,Latitude,Longitude,이름,설명,종류
서울특별시 동작구 신대방 1다길  신대방지구대옆,37.4866159,126.9059867,의류,신대방1동,의류수거함
서울특별시 동작구 신대방 1길 116-1,37.4854628,126.9054678,의류,신대방1동,의류수거함
서울특별시 동작구 신대방 1길 96,37.485654,126.9065742,의류,신대방1동,의류수거함
서울특별시 동작구 신대방 1길 72,37.4860283,126.907887,의류,신대방1동,의류수거함
서울특별시 동작구 신대방 1길 40,37.4865129,126.9094668,의류,신대방1동,의류수거함
서울특별시 동작구 신대방 1가길 4,37.4867681,126.9097591,의류,신대방1동,의류수거함
서울특별시 동작구 신대방 1길 24,37.4867596,126.9103127,의류,신대방1동,의류수거함
서울특별시 동작구 대림로 44  서광전기 앞,37.4877099,126.908673,의류,신대방1동,의류수거함
서울특별시 동작구 신대방 11길 23,37.4885829,126.9082035,의류,신대방1동,의류수거함
서울특별시 동작구 신대방 7길 4,37.487873,126.9101416,의류,신대방1동,의류수거함
서울특별시 동작구 신대방길 56,37.4884193,126.9098533,의류,신대방1동,의류수거함
서울특별시 동작구 신대방길 80,37.4893791,126.9098299,의류,신대방1동,의류수거함
서울특별시 동작구 신대방 16길 10,37.4900816,126.9098389,의류,신대방1동,의류수거함
서울특별시 동작구 신대방 16길 26,37.4907328,126.9100438,의류,신대방1동,의류수거함
서울특별시 동작구 신대방 14길 8,37.489433,126.910347,의류,신대방1동,의류수거함
서울특별시 동작구 신대방 2길 63,37.4892621,126.9111908,의류,신대방1동,의류수거함
서울특별시 동작구 신대방 2길 52,37.4890763,126.9119055,의류,신대방1동,의류수거함
서울특별시 동작구 신대방 2길 39,37.4888142,126.9124661,의류,신대방1동,의류수거함
서울특별시 동작구 신대방 2길 21  (2개),37.4886062,126.9129417,의류,신대방1동,의류수거함
서울특별시 동작구 신대방 14길 15,37.4897904,126.9111285,의류,신대방1동,의류수거함
서울특별시 동작구 신대방 14가길 34,37.4899724,126.9127728,의류,신대방1동,의류수거함
서울특별시 동작구 신대방 14가길 55,37.4897446,126.9136512,의류,신대방1동,의류수거함
서울특별시 동작구 신대방 14가길 60,37.4895781,126.9138533,의류,신대방1동,의류수거함
서울특별시 동작구 신대방 14길 21,37.4901276,126.9113889,의류,신대방1동,의류수거함
서울특별시 동작구 여의대방로 16길 8,37.4965607,126.9166224,의류,신대방1동,의류수거함
서울특별시 동작구 여의대방로 16길 9,37.4954496,126.9167561,의류,신대방1동,의류수거함
서울특별시 동작구 여의대방로 16길 10,37.4964561,126.9166044,의류,신대방1동,의류수거함
서울특별시 동작구 여의대방로22길 20 (서일순대국),37.4974418,126.9209336,의류,신대방2동,의류수거함
서울특별시 동작구 신대방동 375-1,37.4977997,126.9203905,의류,신대방2동,의류수거함
서울특별시 동작구 신대방동 360-37,37.497033,126.9237615,의류,신대방2동,의류수거함
서울특별시 동작구 신대방동 361-55,37.497698,126.9243173,의류,신대방2동,의류수거함
서울특별시 동작구 신대방동 358-6,37.4977891,126.9258481,의류,신대방2동,의류수거함
서울특별시 동작구 신대방동 357-4,37.4979335,126.9261772,의류,신대방2동,의류수거함
서울특별시 동작구 신대방동 360-162,37.4974522,126.9261751,의류,신대방2동,의류수거함
서울특별시 동작구 신대방동 360-228,37.4970868,126.9246756,의류,신대방2동,의류수거함
서울특별시 동작구 신대방동 360-35,37.4971557,126.9239746,의류,신대방2동,의류수거함
서울특별시 동작구 신대방동 360-80,37.4965422,126.9236474,의류,신대방2동,의류수거함
서울특별시 동작구 신대방동 360-70 앞,37.4965515,126.9244629,의류,신대방2동,의류수거함
서울특별시 동작구 신대방동 360-186,37.496218,126.925928,의류,신대방2동,의류수거함
서울특별시 동작구 신대방동 366-119,37.4955888,126.9257615,의류,신대방2동,의류수거함
서울특별시 동작구 신대방동 344-74,37.4961576,126.9267062,의류,신대방2동,의류수거함
서울특별시 동작구 신대방동 344-98,37.4947765,126.9269556,의류,신대방2동,의류수거함
서울특별시 동작구 신대방동 344-150,37.4939946,126.9258945,의류,신대방2동,의류수거함
서울특별시 동작구 신대방동 366-259,37.4955675,126.9247481,의류,신대방2동,의류수거함
서울특별시 동작구 신대방동 118-100,37.495114,126.9235213,의류,신대방2동,의류수거함
서울특별시 동작구 신대방동 366-159,37.4953798,126.9224912,의류,신대방2동,의류수거함
서울특별시 동작구 신대방동 368-29,37.4968902,126.9207598,의류,신대방2동,의류수거함
서울특별시 동작구 대방동 397-21 앞,37.5002477,126.9230804,의류,대방동,의류수거함
서울특별시 동작구 대방동 397-5 앞,37.5002376,126.9239438,의류,대방동,의류수거함
서울특별시 동작구 대방동 395-1,37.5001792,126.9262795,의류,대방동,의류수거함
서울특별시 동작구 대방동 391-586,37.5003808,126.9274051,의류,대방동,의류수거함
서울특별시 동작구 대방동 391-14,37.5010764,126.9271122,의류,대방동,의류수거함
서울특별시 동작구 대방동 391-269,37.5013306,126.9254934,의류,대방동,의류수거함
서울특별시 동작구 대방동 391-511 앞,37.500704,126.924697,의류,대방동,의류수거함
서울특별시 동작구 대방동 392-3,37.5023864,126.9281588,의류,대방동,의류수거함
서울특별시 동작구 대방동 375-16,37.5029436,126.9274655,의류,대방동,의류수거함
서울특별시 동작구 대방동 375-59,37.502915,126.9264321,의류,대방동,의류수거함
서울특별시 동작구 대방동 391-214 앞,37.5026797,126.9265762,의류,대방동,의류수거함
서울특별시 동작구 대방동 391-598,37.5021054,126.9261176,의류,대방동,의류수거함
서울특별시 동작구 대방동 391-230,37.5025648,126.9260676,의류,대방동,의류수거함
서울특별시 동작구 대방동 377-15,37.5039296,126.9252669,의류,대방동,의류수거함
서울특별시 동작구 대방동 380-1,37.5039479,126.9240792,의류,대방동,의류수거함
서울특별시 동작구 대방동 381-35,37.5047556,126.9237386,의류,대방동,의류수거함
서울특별시 동작구 대방동 385-25,37.5044707,126.9228499,의류,대방동,의류수거함
서울특별시 동작구 대방동 388-19,37.5029979,126.922599,의류,대방동,의류수거함
서울특별시 동작구 대방동 387-20,37.5029878,126.9233306,의류,대방동,의류수거함
서울특별시 동작구 대방동 380-45 앞,37.5029439,126.9240481,의류,대방동,의류수거함
서울특별시 동작구 대방동 380-99,37.5029449,126.9235828,의류,대방동,의류수거함
서울특별시 동작구 대방동 391-561,37.5008084,126.924229,의류,대방동,의류수거함
서울특별시 동작구 대방동 412-20,37.4985788,126.9239079,의류,대방동,의류수거함
서울특별시 동작구 대방동 391-323 앞,37.5012656,126.9242516,의류,대방동,의류수거함
서울특별시 동작구 대방동 376-1,37.5048331,126.9247489,의류,대방동,의류수거함
서울특별시 동작구 대방동 14-17,37.5081599,126.9317495,의류,대방동,의류수거함
서울특별시 동작구 대방동 68-35,37.5083156,126.9323753,의류,대방동,의류수거함
서울특별시 동작구 대방동 13-71,37.50632,126.933525,의류,대방동,의류수거함
서울특별시 동작구 대방동 13-53,37.5064093,126.9328665,의류,대방동,의류수거함
서울특별시 동작구 대방동 13-116,37.507156,126.9343915,의류,대방동,의류수거함
서울특별시 동작구 대방동 13-128,37.5070303,126.9335919,의류,대방동,의류수거함
서울특별시 동작구 대방동 13-13,37.5068932,126.9334281,의류,대방동,의류수거함
서울특별시 동작구 대방동 13-130,37.5070529,126.9331978,의류,대방동,의류수거함
서울특별시 동작구 대방동 407-47,37.4980339,126.9219224,의류,대방동,의류수거함
서울특별시 동작구 대방동 417-1,37.4992146,126.9207028,의류,대방동,의류수거함
서울특별시 동작구 대방동 417-14,37.4989106,126.9206963,의류,대방동,의류수거함
서울특별시 동작구 대방동 336-6,37.499465,126.9296854,의류,대방동,의류수거함
서울특별시 동작구 대방동 337-2,37.4991932,126.9291579,의류,대방동,의류수거함
서울 특별시 동작구 노량진로26길31,37.5112652,126.9549664,의류,노량진1동,의류수거함
서울 특별시 동작구 노량진로28길18,37.5120369,126.9551947,의류,노량진1동,의류수거함
서울 특별시 동작구 노량진로32길15,37.5129194,126.9563791,의류,노량진1동,의류수거함
서울 특별시 동작구 노량진로32길67 (어린이집건너),37.5109141,126.9570328,의류,노량진1동,의류수거함
서울 특별시 동작구 노량진로32길83-1,37.5101757,126.9567782,의류,노량진1동,의류수거함
서울 특별시 동작구 만양로12가길32,37.5118959,126.9484064,의류,노량진1동,의류수거함
서울 특별시 동작구 만양로14바길4,37.5121216,126.9466312,의류,노량진1동,의류수거함
서울 특별시 동작구 만양로14아길7,37.5121809,126.9475444,의류,노량진1동,의류수거함
서울 특별시 동작구 만양로14아길8-4,37.511961,126.9477721,의류,노량진1동,의류수거함
서울 특별시 동작구 만양로12가길24,37.5115359,126.9483422,의류,노량진1동,의류수거함
서울 특별시 동작구 만양로12가길1,37.5108952,126.9471101,의류,노량진1동,의류수거함
서울 특별시 동작구 만양로14바길21-4,37.5111719,126.9469504,의류,노량진1동,의류수거함
서울 특별시 동작구 만양로14바길36,37.5107728,126.9465181,의류,노량진1동,의류수거함
서울 특별시 동작구 만양로8길68,37.5104806,126.9458204,의류,노량진1동,의류수거함
서울 특별시 동작구 만양로8길19,37.5088987,126.9473259,의류,노량진1동,의류수거함
서울 특별시 동작구 만양로8길11,37.5085923,126.9475852,의류,노량진1동,의류수거함
서울 특별시 동작구 노량진1동215-147,37.5093398,126.9469741,의류,노량진1동,의류수거함
서울 특별시 동작구 만양로10길14,37.5094193,126.9466645,의류,노량진1동,의류수거함
서울 특별시 동작구 만양로11길17,37.5083841,126.9461291,의류,노량진1동,의류수거함
서울 특별시 동작구 만양로13길17,37.50996,126.944786,의류,노량진1동,의류수거함
서울 특별시 동작구 만양로13길44,37.5086778,126.9448604,의류,노량진1동,의류수거함
서울 특별시 동작구 장승배기로20길50-1,37.5095593,126.9425624,의류,노량진1동,의류수거함
서울 특별시 동작구 장승배기로16길131,37.5105922,126.9429085,의류,노량진1동,의류수거함
서울 특별시 동작구 장승배기로16길69,37.5078974,126.943051,의류,노량진1동,의류수거함
서울 특별시 동작구 장승배기로16길135,37.5105505,126.9432273,의류,노량진1동,의류수거함
서울 특별시 동작구 장승배기로18나길11,37.5076261,126.9423423,의류,노량진1동,의류수거함
서울 특별시 동작구 장승배기로16길47,37.5070774,126.9422621,의류,노량진1동,의류수거함
서울 특별시 동작구 장승배기로16길17,37.5068973,126.9409178,의류,노량진1동,의류수거함
서울 특별시 동작구 장승배기로16길14,37.5067104,126.9407697,의류,노량진1동,의류수거함
서울 특별시 동작구 장승배기로16길8,37.5067369,126.9403548,의류,노량진1동,의류수거함
서울 특별시 동작구 장승배기로24길16-1,37.5100248,126.9407413,의류,노량진1동,의류수거함
서울 특별시 동작구 장승배기로24나길8,37.5103202,126.9411548,의류,노량진1동,의류수거함
서울 특별시 동작구 장승배기로20다길3,37.5095191,126.9413504,의류,노량진1동,의류수거함
서울 특별시 동작구 장승배기로26길68-3,37.5108803,126.9431745,의류,노량진1동,의류수거함
서울 특별시 동작구 장승배기로14길33,37.499913,126.943221,의류,노량진1동,의류수거함
서울 특별시 동작구 장승배기로14길39,37.499913,126.943221,의류,노량진1동,의류수거함
서울 특별시 동작구 장승배기로26길41,37.5114583,126.9419818,의류,노량진1동,의류수거함
서울특별시 동작구 노량진로8길64,37.5120772,126.9387961,의류,노량진2동,의류수거함
서울특별시 동작구 노량진로6길19,37.5108043,126.9361769,의류,노량진2동,의류수거함
서울특별시 동작구 노량진로6길63,37.5103884,126.9363366,의류,노량진2동,의류수거함
서울특별시 동작구 노량진로6길69,37.5100928,126.9364914,의류,노량진2동,의류수거함
서울특별시 동작구 장승배기로19다길11,37.5086882,126.9374359,의류,노량진2동,의류수거함
서울특별시 동작구 노량진로6다길8,37.5101766,126.9359301,의류,노량진2동,의류수거함
서울특별시 동작구 매봉로 4길 3,37.5079449,126.9519126,의류,상도1동,의류수거함
서울특별시 동작구 매봉로 2길 8-2,37.5069949,126.9523287,의류,상도1동,의류수거함
서울특별시 동작구 매봉로 2길 9,37.5074369,126.9526925,의류,상도1동,의류수거함
서울특별시 동작구 매봉로 2길 15,37.5074727,126.9533507,의류,상도1동,의류수거함
서울특별시 동작구 매봉로 2길 16-3,37.5071149,126.9534202,의류,상도1동,의류수거함
서울특별시 동작구 매봉로 4길 13-1,37.5083586,126.952952,의류,상도1동,의류수거함
서울특별시 동작구 강남초등길 1,37.5071333,126.9520701,의류,상도1동,의류수거함
서울특별시 동작구 강남초등 2길 19,37.5062021,126.9512394,의류,상도1동,의류수거함
서울특별시 동작구 강남초등 4길 14,37.50574,126.951276,의류,상도1동,의류수거함
서울특별시 동작구 강남초등 8길 10,37.5053082,126.9515286,의류,상도1동,의류수거함
서울특별시 동작구 흑석로 5,37.5049387,126.9512904,의류,상도1동,의류수거함
서울특별시 동작구 상도로 47길 113    (2개),37.5042576,126.9515861,의류,상도1동,의류수거함
서울특별시 동작구 상도로 41라길 24,37.5039184,126.9509318,의류,상도1동,의류수거함
서울특별시 동작구 상도로 39길 16,37.503134,126.9491536,의류,상도1동,의류수거함
서울특별시 동작구 상도로 39가길 9,37.5023016,126.949764,의류,상도1동,의류수거함
서울특별시 동작구 상도로 41가길 6,37.502659,126.9503191,의류,상도1동,의류수거함
서울특별시 동작구 상도로 41다길 15,37.5029352,126.9509714,의류,상도1동,의류수거함
서울특별시 동작구 상도로 47바길 7,37.5034325,126.9522862,의류,상도1동,의류수거함
서울특별시 동작구 상도로 47바길 41,37.5036516,126.9534903,의류,상도1동,의류수거함
서울특별시 동작구 상도로 47바길 30,37.5033162,126.9536455,의류,상도1동,의류수거함
서울특별시 동작구 상도로 47사길 6-5,37.5029652,126.9535654,의류,상도1동,의류수거함
서울특별시 동작구 상도로 45길 69,37.5021739,126.9529765,의류,상도1동,의류수거함
서울특별시 동작구 상도로 47다길 1,37.500451,126.9530114,의류,상도1동,의류수거함
서울특별시 동작구 상도로 47나길 30,37.5000741,126.952396,의류,상도1동,의류수거함
서울특별시 동작구 상도로 47길 32     (2개),37.500558,126.9523338,의류,상도1동,의류수거함
서울특별시 동작구 상도로 37길 16,37.5020321,126.9492404,의류,상도1동,의류수거함
서울특별시 동작구 상도로 265-33,37.5045179,126.9488522,의류,상도1동,의류수거함
서울특별시 동작구 상도로 38가길 1   (2개),37.5023087,126.9477747,의류,상도1동,의류수거함
서울특별시 동작구 상도로 38길 23,37.5017633,126.9476218,의류,상도1동,의류수거함
서울특별시 동작구 상도로 38길 42,37.5011337,126.9481389,의류,상도1동,의류수거함
서울특별시 동작구 상도로 38길 58,37.5007237,126.9488291,의류,상도1동,의류수거함
서울특별시 동작구 상도로 38길 89,37.5002869,126.9485063,의류,상도1동,의류수거함
서울특별시 동작구 상도로 50길 34,37.4974456,126.9502237,의류,상도1동,의류수거함
서울특별시 동작구 상도로 50길 18,37.4980712,126.9506381,의류,상도1동,의류수거함
서울특별시 동작구 상도로 62길 91,37.4978585,126.9516159,의류,상도1동,의류수거함
서울특별시 동작구 상도로 54길 49,37.4956287,126.9533324,의류,상도1동,의류수거함
서울특별시 동작구 상도로 62가길 32,37.4939241,126.953215,의류,상도1동,의류수거함
서울특별시 동작구 상도로 60가길 15,37.4929716,126.9545755,의류,상도1동,의류수거함
서울특별시 동작구 상도로 68길 32     (2개),37.4924156,126.9553586,의류,상도1동,의류수거함
서울특별시 동작구 상도로 68길 16     (2개),37.4930956,126.9549179,의류,상도1동,의류수거함
서울특별시 동작구 상도로 60길 17     (2개),37.4936295,126.9542924,의류,상도1동,의류수거함
서울특별시 동작구 상도로 60길 12,37.4941608,126.9540152,의류,상도1동,의류수거함
서울특별시 동작구 상도로 67길 12,37.4941977,126.9564696,의류,상도1동,의류수거함
서울특별시 동작구 상도로 61길 74,37.4944072,126.9590356,의류,상도1동,의류수거함
서울특별시 동작구 상도로 55길 5,37.4972795,126.9538252,의류,상도1동,의류수거함
서울특별시 동작구 만양로2길74,37.5073586,126.9511906,의류,상도2동,의류수거함
서울특별시 동작구 만양로2길50,37.5068623,126.9504487,의류,상도2동,의류수거함
서울특별시 동작구 매봉로 31-16,37.5070032,126.9506236,의류,상도2동,의류수거함
서울특별시 동작구 만양로2길 2,37.5062702,126.9477436,의류,상도2동,의류수거함
서울특별시 동작구 만양로20-8,37.5060191,126.9477967,의류,상도2동,의류수거함
서울특별시 동작구 만양로17-4,37.5065451,126.9470709,의류,상도2동,의류수거함
서울특별시 동작구 만양로7-9,37.5056195,126.9461843,의류,상도2동,의류수거함
서울특별시 동작구 상도로 31길 63,37.5061356,126.9458173,의류,상도2동,의류수거함
서울특별시 동작구 상도로 34가길 18,37.5046968,126.9448119,의류,상도2동,의류수거함
서울특별시 동작구 상도로 34길 15,37.5041226,126.9457748,의류,상도2동,의류수거함
서울특별시 동작구 상도로 34길 14,37.5043621,126.9454973,의류,상도2동,의류수거함
서울특별시 동작구 상도로 30길 63,37.5041213,126.9443849,의류,상도2동,의류수거함
서울특별시 동작구 상도로 34길 58(2),37.5024343,126.9451772,의류,상도2동,의류수거함
서울특별시 동작구 상도로 36길 39,37.5033994,126.9452102,의류,상도2동,의류수거함
서울특별시 동작구 장승배기로 10가길 65,37.5020898,126.941043,의류,상도2동,의류수거함
서울특별시 동작구 장승배기로 55,37.5026426,126.9398715,의류,상도2동,의류수거함
서울특별시 동작구 장승배기로 3길 8,37.5008896,126.9409013,의류,상도2동,의류수거함
서울특별시 동작구 상도로 15길 131,37.5049864,126.9379435,의류,상도2동,의류수거함
서울특별시 동작구 등용로 13,37.5051562,126.9367953,의류,상도2동,의류수거함
서울특별시 동작구 등용로 2길 5-8,37.5063754,126.9367593,의류,상도2동,의류수거함
서울특별시 동작구 등용로 24-5,37.5064892,126.9358441,의류,상도2동,의류수거함
서울특별시 동작구 상도로 15바길 24,37.5049652,126.9349401,의류,상도2동,의류수거함
서울특별시 동작구 상도로 15자길 31(2),37.5043022,126.9348386,의류,상도2동,의류수거함
서울특별시 동작구 상도로 15바길 5,37.5040691,126.9331908,의류,상도2동,의류수거함
서울특별시 동작구 상도로 15바길 33,37.5045149,126.934253,의류,상도2동,의류수거함
서울특별시 동작구 상도로 19길7,37.5027459,126.9347583,의류,상도3동,의류수거함
서울특별시 동작구 국사봉2길27,37.4974496,126.9285836,의류,상도3동,의류수거함
서울특별시 동작구 국사봉2길27,37.4974496,126.9285836,의류,상도3동,의류수거함
서울특별시 동작구 국사봉2바길23,37.4949275,126.9295248,의류,상도3동,의류수거함
서울특별시 동작구 국사봉2가길17-1,37.4976839,126.929179,의류,상도3동,의류수거함
서울특별시 동작구 국사봉길 34,37.4977752,126.9294287,의류,상도3동,의류수거함
서울특별시 동작구 국사봉길 34,37.4977752,126.9294287,의류,상도3동,의류수거함
서울특별시 동작구 국사봉8길29,37.4954413,126.9305663,의류,상도3동,의류수거함
서울특별시 동작구 국사봉6길 38,37.4957699,126.9298096,의류,상도3동,의류수거함
서울특별시 동작구 국사봉6길 41,37.4955562,126.9300277,의류,상도3동,의류수거함
서울특별시 동작구 국사봉6길 60-4,37.4945762,126.9297905,의류,상도3동,의류수거함
서울특별시 동작구 국사봉6길 60-10,37.4942803,126.9298994,의류,상도3동,의류수거함
서울특별시 동작구 국사봉8길 51,37.4945603,126.9308699,의류,상도3동,의류수거함
서울특별시 동작구 국사봉8길 64-8,37.4939082,126.9307919,의류,상도3동,의류수거함
서울특별시 동작구 국사봉8길 64-12,37.4940803,126.9307144,의류,상도3동,의류수거함
서울특별시 동작구 국사봉10길 72,37.4934024,126.932322,의류,상도3동,의류수거함
서울특별시 동작구 국사봉10길 81-15,37.4930938,126.9334656,의류,상도3동,의류수거함
서울특별시 동작구 국사봉10길 81-14,37.4931607,126.9331384,의류,상도3동,의류수거함
서울특별시 동작구 국사봉10길 39,37.4944252,126.9316679,의류,상도3동,의류수거함
서울특별시 동작구 국사봉10길 14,37.4942068,126.9321183,의류,상도3동,의류수거함
서울특별시 동작구 국사봉길 98,37.4956522,126.9314832,의류,상도3동,의류수거함
서울특별시 동작구 국사봉길 109,37.4954654,126.9321312,의류,상도3동,의류수거함
서울특별시 동작구 국사봉길 125,37.4948673,126.9326747,의류,상도3동,의류수거함
서울특별시 동작구 국사봉길 160,37.4942365,126.9339613,의류,상도3동,의류수거함
서울특별시 동작구 상도동 283-59,37.4943285,126.9364098,의류,상도3동,의류수거함
서울특별시 동작구 상도동 283-59,37.4943285,126.9364098,의류,상도3동,의류수거함
서울특별시 동작구 국사봉1길 209,37.4941229,126.9358682,의류,상도3동,의류수거함
서울특별시 동작구 국사봉1라길 4,37.4943433,126.9356743,의류,상도3동,의류수거함
서울특별시 동작구 국사봉1길 165,37.4952696,126.934294,의류,상도3동,의류수거함
서울특별시 동작구 국사봉1길 130,37.4959246,126.9324248,의류,상도3동,의류수거함
서울특별시 동작구 성대로6길 18,37.4988645,126.9322002,의류,상도3동,의류수거함
서울특별시 동작구 성대로6가길 24,37.4977758,126.9328711,의류,상도3동,의류수거함
서울특별시 동작구 성대로6가길 24,37.4977758,126.9328711,의류,상도3동,의류수거함
서울특별시 동작구 성대로6가길 34,37.4973919,126.9330525,의류,상도3동,의류수거함
서울특별시 동작구 성대로6가길 41-2,37.4970229,126.9338012,의류,상도3동,의류수거함
서울특별시 동작구 성대로6가길 69,37.4962019,126.9339733,의류,상도3동,의류수거함
서울특별시 동작구 성대로6마길 3,37.4958596,126.9348376,의류,상도3동,의류수거함
서울특별시 동작구 성대로6바길12,37.4959742,126.935611,의류,상도3동,의류수거함
서울특별시 동작구 성대로6바길20,37.4956845,126.9359035,의류,상도3동,의류수거함
서울특별시 동작구 상도로 15가길 22,37.502078,126.9320994,의류,상도3동,의류수거함
서울특별시 동작구 상도로 17길 21-1,37.5026698,126.9335198,의류,상도3동,의류수거함
서울특별시 동작구 상도로 15가길 8,37.5017988,126.9326677,의류,상도3동,의류수거함
서울특별시 동작구 상도로 13다길6,37.5010548,126.9307548,의류,상도3동,의류수거함
서울특별시 동작구 상도로 13다길 6,37.5010548,126.9307548,의류,상도3동,의류수거함
서울특별시 동작구 상도로 13길 17,37.50132,126.9299961,의류,상도3동,의류수거함
서울특별시 동작구 상도로 13길 26,37.5022281,126.9299794,의류,상도3동,의류수거함
서울특별시 동작구 상도로 13길 32,37.5026868,126.9298436,의류,상도3동,의류수거함
서울특별시 동작구 상도로 13길 37,37.5031609,126.929421,의류,상도3동,의류수거함
서울특별시 동작구 대방동 6길 42,37.5027265,126.9300517,의류,상도3동,의류수거함
서울특별시 동작구 상도로 13라길13,37.5022697,126.9301857,의류,상도3동,의류수거함
서울특별시 동작구 상도로 13나길 6,37.5005217,126.930118,의류,상도3동,의류수거함
서울특별시 동작구 상도로 11길 10,37.5008682,126.9293089,의류,상도3동,의류수거함
서울특별시 동작구 상도로 13나길 15,37.5012835,126.9295351,의류,상도3동,의류수거함
서울특별시 동작구 대방동 6길 34(2),37.5026242,126.9295964,의류,상도3동,의류수거함
서울특별시 동작구 성대로12길 66,37.495323,126.9374199,의류,상도4동,의류수거함
서울특별시 동작구 성대로16길 79,37.4954445,126.9394101,의류,상도4동,의류수거함
서울특별시 동작구 양녕로 23길 101,37.4955918,126.9378473,의류,상도4동,의류수거함
서울특별시 동작구 양녕로 23길 80,37.4963818,126.9386552,의류,상도4동,의류수거함
서울특별시 동작구 성대로 14길 37,37.4965094,126.937169,의류,상도4동,의류수거함
서울특별시 동작구 성대로 12길 30,37.4965301,126.9362281,의류,상도4동,의류수거함
서울특별시 동작구 성대로 12길 30,37.4965301,126.9362281,의류,상도4동,의류수거함
서울특별시 동작구 성대로 11길 11,37.4980973,126.9348376,의류,상도4동,의류수거함
서울특별시 동작구 성대로 96,37.4976373,126.935849,의류,상도4동,의류수거함
서울특별시 동작구 성대로 16길 25-5,37.497439,126.9379376,의류,상도4동,의류수거함
서울특별시 동작구 성대로 21길 2,37.4982123,126.9373732,의류,상도4동,의류수거함
서울특별시 동작구 성대로 19길 39,37.4993823,126.935766,의류,상도4동,의류수거함
서울특별시 동작구 성대로 21나길 6,37.5006151,126.9360951,의류,상도4동,의류수거함
서울특별시 동작구 성대로 17길 61,37.5001498,126.9349917,의류,상도4동,의류수거함
서울특별시 동작구 성대로 17길 47,37.4994634,126.9347207,의류,상도4동,의류수거함
서울특별시 동작구 성대로 11길 35,37.498959,126.9343299,의류,상도4동,의류수거함
서울특별시 동작구 성대로 5길 20-17,37.4997968,126.9339967,의류,상도4동,의류수거함
서울특별시 동작구 성대로 11길 74,37.5004597,126.9335347,의류,상도4동,의류수거함
서울특별시 동작구 성대로 1가길4,37.5015821,126.934744,의류,상도4동,의류수거함
서울특별시 동작구 성대로 29길 69,37.501116,126.9372341,의류,상도4동,의류수거함
서울특별시 동작구 성대로 37길 73,37.5016109,126.9376316,의류,상도4동,의류수거함
서울특별시 동작구 성대로 37길 41,37.5006533,126.9389629,의류,상도4동,의류수거함
서울특별시 동작구 성대로 37길 25,37.5003164,126.9398279,의류,상도4동,의류수거함
서울특별시 동작구 성대로 37길 4,37.5003397,126.9409419,의류,상도4동,의류수거함
서울특별시 동작구 양녕로 27길 44,37.4993682,126.9414865,의류,상도4동,의류수거함
서울특별시 동작구 양녕로 25사길 46,37.4985967,126.9398209,의류,상도4동,의류수거함
서울특별시 동작구 양녕로 25길 10-8,37.4983884,126.9431505,의류,상도4동,의류수거함
서울특별시 동작구 양녕로 25길 23,37.4977963,126.9426378,의류,상도4동,의류수거함
서울특별시 동작구 성대로 29길 45,37.5001909,126.9381398,의류,상도4동,의류수거함
서울특별시 동작구 양녕로 30길 12,37.4991082,126.9450454,의류,상도4동,의류수거함
서울특별시 동작구 양녕로 30길 29,37.4986482,126.9452951,의류,상도4동,의류수거함
서울특별시 동작구 양녕로 28길 45,37.4981988,126.9461036,의류,상도4동,의류수거함
서울특별시 동작구 양녕로 22마길 31,37.4971319,126.9464498,의류,상도4동,의류수거함
서울특별시 동작구 양녕로 22마길 24,37.4961157,126.9464277,의류,상도4동,의류수거함
서울특별시 동작구 양녕로 22길 91,37.494986,126.9461896,의류,상도4동,의류수거함
서울특별시 동작구 양녕로 22길 70,37.4953496,126.9453367,의류,상도4동,의류수거함
서울특별시 동작구 양녕로 20길 79,37.4960378,126.9444208,의류,상도4동,의류수거함
서울특별시 동작구 양녕로 22가길 68,37.4970582,126.9441598,의류,상도4동,의류수거함
서울특별시 동작구 양녕로 22나길 8,37.4946015,126.9443813,의류,상도4동,의류수거함
서울특별시 동작구 양녕로 20길 42,37.4943853,126.9438295,의류,상도4동,의류수거함
서울특별시 동작구 양녕로 22길 1,37.4946293,126.9430173,의류,상도4동,의류수거함
서울특별시 동작구 양녕로 183-1,37.4976373,126.9430247,의류,상도4동,의류수거함
서울특별시 동작구 양녕로 25길 71,37.4961918,126.9409254,의류,상도4동,의류수거함
서울특별시 동작구 양녕로 25길 43,37.4972045,126.9417729,의류,상도4동,의류수거함
서울특별시 동작구 양녕로 25길 17,37.4980053,126.9429502,의류,상도4동,의류수거함
서울특별시 동작구 양녕로 25길 60-15,37.4972263,126.9406927,의류,상도4동,의류수거함
서울특별시 동작구 양녕로 23길 67,37.4962668,126.939541,의류,상도4동,의류수거함
서울특별시 동작구 양녕로 20길 104,37.4968433,126.9451764,의류,상도4동,의류수거함
서울특별시 동작구 양녕로 20길 64,37.4951644,126.944266,의류,상도4동,의류수거함
서울특별시 동작구 양녕로 20길 52,37.4946752,126.9439997,의류,상도4동,의류수거함
서울특별시 동작구 흑석로13마길35(1),37.508209,126.9593977,의류,흑석동,의류수거함
서울특별시 동작구 흑석로13마길35(2),37.508209,126.9593977,의류,흑석동,의류수거함
서울특별시 동작구 흑석로13마길30,37.5084914,126.9592658,의류,흑석동,의류수거함
서울특별시 동작구 흑석로13길27,37.5099805,126.958681,의류,흑석동,의류수거함
서울특별시 동작구 흑석로3길71,37.5104373,126.9583654,의류,흑석동,의류수거함
서울특별시 동작구 흑석로3길59,37.5096986,126.9580047,의류,흑석동,의류수거함
서울특별시 동작구 흑석로3길48,37.5090464,126.9567143,의류,흑석동,의류수거함
서울특별시 동작구 흑석로9길83,37.5091905,126.9560526,의류,흑석동,의류수거함
서울특별시 동작구 흑석로9길65,37.5085587,126.9567702,의류,흑석동,의류수거함
서울특별시 동작구 흑석로9길45,37.5082241,126.9576223,의류,흑석동,의류수거함
서울특별시 동작구 흑석로9길18,37.5078335,126.9592571,의류,흑석동,의류수거함
서울특별시 동작구 흑석로7길26,37.507874,126.957589,의류,흑석동,의류수거함
서울특별시 동작구 흑석로75-4,37.5070306,126.9575141,의류,흑석동,의류수거함
서울특별시 동작구 흑석로6가길1,37.50629,126.9569432,의류,흑석동,의류수거함
서울특별시 동작구 흑석로6길31,37.5054651,126.9558991,의류,흑석동,의류수거함
서울특별시 동작구 흑석로6가길19,37.5058884,126.9559784,의류,흑석동,의류수거함
서울특별시 동작구 흑석로6나길28,37.5054624,126.955557,의류,흑석동,의류수거함
서울특별시 동작구 흑석로6나길6,37.5055155,126.956621,의류,흑석동,의류수거함
서울특별시 동작구 흑석로3길25,37.507788,126.9560031,의류,흑석동,의류수거함
서울특별시 동작구 흑석로11길43,37.5089379,126.9587771,의류,흑석동,의류수거함
서울특별시 동작구 흑석로5길73,37.5091626,126.9576838,의류,흑석동,의류수거함
서울특별시 동작구 현충로6길11,37.5066716,126.9657736,의류,흑석동,의류수거함
서울특별시 동작구 현충로118,37.5068345,126.9664323,의류,흑석동,의류수거함
서울특별시 동작구 흑석로5길9(1),37.506842,126.9568775,의류,흑석동,의류수거함
서울특별시 동작구 흑석로5길9(2),37.506842,126.9568775,의류,흑석동,의류수거함
서울특별시 동작구 흑석로8길19,37.5068026,126.9599376,의류,흑석동,의류수거함
서울특별시 동작구 동작대로 9길 36,37.4807508,126.9796069,의류,흑석동,의류수거함
서울특별시 동작구 동작대로 17길 35,37.4827999,126.9778857,의류,사당1동,의류수거함
서울특별시 동작구 사당로 22길 75,37.4801452,126.9771277,의류,사당1동,의류수거함
서울특별시 동작구 남부순환로 258가길 17,37.4799015,126.9404631,의류,사당1동,의류수거함
서울특별시 동작구 남부순환로 259가길 13,37.4766361,126.9731798,의류,사당1동,의류수거함
서울특별시 동작구 남부순환로 259길 18,37.4767581,126.9722458,의류,사당1동,의류수거함
서울특별시 동작구 남부순환로 255길 7,37.47621,126.9710373,의류,사당1동,의류수거함
서울특별시 동작구 남부순환로 257길 10,37.4762604,126.9722141,의류,사당1동,의류수거함
서울특별시 동작구 남부순환로 255길 18,37.477165,126.9704251,의류,사당1동,의류수거함
서울특별시 동작구 남부순환로 255라길 9,37.4775821,126.9698744,의류,사당1동,의류수거함
서울특별시 동작구 남부순환로 255마길 12,37.4775871,126.970761,의류,사당1동,의류수거함
서울특별시 동작구 남부순환로 255마길 29,37.4784224,126.9713978,의류,사당1동,의류수거함
서울특별시 동작구 남부순환로 255다길 22,37.4775747,126.9715055,의류,사당1동,의류수거함
서울특별시 동작구 남부순환로 257길 30,37.4780257,126.9725165,의류,사당1동,의류수거함
서울특별시 동작구 남부순환로 265길 58,37.4782957,126.974627,의류,사당1동,의류수거함
서울특별시 동작구 사당로 20길 109,37.4787135,126.9747032,의류,사당1동,의류수거함
서울특별시 동작구 남부순환로 269길 124,37.4790299,126.9732368,의류,사당1동,의류수거함
서울특별시 동작구 사당로 20바길 31,37.4790448,126.9730202,의류,사당1동,의류수거함
서울특별시 동작구 남부순환로 269길 102,37.4797527,126.9741529,의류,사당1동,의류수거함
서울특별시 동작구 남부순환로 269길 87,37.4792387,126.9746979,의류,사당1동,의류수거함
서울특별시 동작구 사당로 22나길 36,37.4805874,126.9750922,의류,사당1동,의류수거함
서울특별시 동작구 동작대로 41길 4,37.4961777,126.9820928,의류,사당2동,의류수거함
서울특별시 동작구 동작대로 39가길 31,37.4942814,126.9794271,의류,사당2동,의류수거함
서울특별시 동작구 동작대로 35아길 17,37.4932905,126.9787174,의류,사당2동,의류수거함
서울특별시 동작구 동작대로 35길 71,37.4924694,126.9790011,의류,사당2동,의류수거함
서울특별시 동작구 동작대로 35가길 96,37.4925617,126.9772563,의류,사당2동,의류수거함
서울특별시 동작구 동작대로 33바길 33,37.4918545,126.9772096,의류,사당2동,의류수거함
서울특별시 동작구 동작대로 35가길 55,37.4912932,126.9787489,의류,사당2동,의류수거함
서울특별시 동작구 동작대로 35가길 49,37.4911411,126.97902,의류,사당2동,의류수거함
서울특별시 동작구 동작대로 35가길 42,37.4909633,126.9794874,의류,사당2동,의류수거함
서울특별시 동작구 동작대로 33가길 27,37.4908128,126.9817478,의류,사당2동,의류수거함
서울특별시 동작구 동작대로 29길 52  사당2동주민센터 옆(2개),37.4886832,126.9792494,의류,사당2동,의류수거함
서울특별시 동작구 동작대로 27길 61  남일교회 교육관 부근,37.48816,126.9789428,의류,사당2동,의류수거함
서울특별시 동작구 동작대로 25길 54,37.4850291,126.9795923,의류,사당2동,의류수거함
서울특별시 동작구 사당로 29나길 7,37.4857381,126.9787066,의류,사당2동,의류수거함
서울특별시 동작구 사당로 29다길 38,37.4865789,126.9781495,의류,사당3동,의류수거함
서울특별시 동작구 사당로 29다길 83,37.4876459,126.9759574,의류,사당3동,의류수거함
서울특별시 동작구 사당로 29길 80,37.4871957,126.976127,의류,사당3동,의류수거함
서울특별시 동작구 사당로 29길 26     (2개),37.4855732,126.9783325,의류,사당3동,의류수거함
서울특별시 동작구 사당로 27길 203,37.4910383,126.9711828,의류,사당3동,의류수거함
서울특별시 동작구 사당로 27길 237   사당종합체육관 지하주차장 입구,37.4921456,126.969871,의류,사당3동,의류수거함
서울특별시 동작구 사당로 27길 221,37.4915656,126.9704608,의류,사당3동,의류수거함
서울특별시 동작구 사당로 23길 205,37.4911078,126.9702631,의류,사당3동,의류수거함
서울특별시 동작구 사당로 23길 221,37.4915141,126.9694197,의류,사당3동,의류수거함
서울특별시 동작구 사당로 23사길 38,37.4912251,126.9689647,의류,사당3동,의류수거함
서울특별시 동작구 사당로 23바길 30-5,37.4905964,126.9698361,의류,사당3동,의류수거함
서울특별시 동작구 사당로 23바길 28,37.4903493,126.9698694,의류,사당3동,의류수거함
서울특별시 동작구 사당로 17길 65,37.4858776,126.9725611,의류,사당3동,의류수거함
서울특별시 동작구 사당로 17길 45,37.4850267,126.9730273,의류,사당3동,의류수거함
서울특별시 동작구 사당로 13길 83,37.4873243,126.9704145,의류,사당3동,의류수거함
서울특별시 동작구 사당로 9다길 30-6,37.4870902,126.9700789,의류,사당3동,의류수거함
서울특별시 동작구 사당로 9다길 22,37.4867597,126.9700886,의류,사당3동,의류수거함
서울특별시 동작구 사당로 9나길 1,37.4857927,126.9704165,의류,사당3동,의류수거함
서울특별시 동작구 사당로 9길 14,37.4860958,126.9704976,의류,사당3동,의류수거함
서울특별시 동작구 사당로 9가길 15,37.4859777,126.9696092,의류,사당3동,의류수거함
서울특별시 동작구 사당로 9가길 36,37.4868024,126.9691527,의류,사당3동,의류수거함
서울특별시 동작구 사당로 13길 54,37.4863935,126.9716606,의류,사당3동,의류수거함
서울특별시 동작구 사당로 13길 24,37.4852044,126.972383,의류,사당3동,의류수거함
서울특별시 동작구 사당로 20다길 34,37.4794729,126.9722401,의류,사당4동,의류수거함
서울특별시 동작구 사당로 20사길 22,37.4797752,126.9730521,의류,사당4동,의류수거함
서울특별시 동작구 사당로 20바길 18-1,37.4800066,126.9737926,의류,사당4동,의류수거함
서울특별시 동작구 사당로 20다길 3,37.481488,126.9742772,의류,사당4동,의류수거함
서울특별시 동작구 사당로 20다길 15,37.4806165,126.9736278,의류,사당4동,의류수거함
서울특별시 동작구 사당로 22나길 69,37.480545,126.9733284,의류,사당4동,의류수거함
서울특별시 동작구 동작대로 15길 125,37.4826718,126.974699,의류,사당4동,의류수거함
서울특별시 동작구 사당로 20가길 28,37.4823012,126.9739591,의류,사당4동,의류수거함
서울특별시 동작구 사당로 16길 121,37.4785255,126.9707305,의류,사당4동,의류수거함
서울특별시 동작구 사당로 16길 107,37.479111,126.9710501,의류,사당4동,의류수거함
서울특별시 동작구 사당로 16자길 36,37.4798484,126.9698019,의류,사당4동,의류수거함
서울특별시 동작구 사당로 16사길 54,37.4800039,126.9694799,의류,사당4동,의류수거함
서울특별시 동작구 사당로 16사길 39,37.4802081,126.9702628,의류,사당4동,의류수거함
서울특별시 동작구 사당로 16아길 46,37.4806742,126.9693539,의류,사당4동,의류수거함
서울특별시 동작구 사당로 14길 87,37.4805337,126.9697333,의류,사당4동,의류수거함
서울특별시 동작구 사당로 16아길 20,37.4808806,126.9706946,의류,사당4동,의류수거함
서울특별시 동작구 사당로 14길 40-9,37.4826494,126.9704681,의류,사당4동,의류수거함
서울특별시 동작구 사당로 16마길 36,37.4821032,126.9702323,의류,사당4동,의류수거함
서울특별시 동작구 사당로 16라길 17,37.4822852,126.9699139,의류,사당4동,의류수거함
서울특별시 동작구 사당로 16라길 27,37.4819825,126.9696479,의류,사당4동,의류수거함
서울특별시 동작구 사당로 16마길 24,37.4820563,126.9710835,의류,사당4동,의류수거함
서울특별시 동작구 사당로 9가길 15,37.4859777,126.9696092,의류,사당5동,의류수거함
서울특별시 동작구 사당로 16다길 102,37.4847259,126.968216,의류,사당5동,의류수거함
서울특별시 동작구 사당로 2자길 28,37.4888381,126.9643971,의류,사당5동,의류수거함
서울특별시 동작구 사당로 2자길 6,37.4897689,126.9646947,의류,사당5동,의류수거함
서울특별시 동작구 사당로 2길 52,37.4912365,126.964072,의류,사당5동,의류수거함
서울특별시 동작구 사당로 2사길 8,37.4915142,126.9635723,의류,사당5동,의류수거함
서울특별시 동작구 사당로 2사길 7(2set),37.4907984,126.96393,의류,사당5동,의류수거함
서울특별시 동작구 사당로 2라길 63,37.4902555,126.9636142,의류,사당5동,의류수거함
서울특별시 동작구 사당로 2라길 83,37.4895817,126.9639517,의류,사당5동,의류수거함
서울특별시 동작구 사당로 2자길 18,37.4891509,126.9644755,의류,사당5동,의류수거함
서울특별시 동작구 사당로 2자길 139(2set),37.4891509,126.9644755,의류,사당5동,의류수거함
서울특별시 동작구 사당로 2자길 49,37.4891509,126.9644755,의류,사당5동,의류수거함
서울특별시 동작구 사당로 8나길 24,37.4832444,126.9672832,의류,사당5동,의류수거함
서울특별시 동작구 사당로 8나길 12,37.4836877,126.9678719,의류,사당5동,의류수거함
서울특별시 동작구 사당로 8길 8,37.4848796,126.9694314,의류,사당5동,의류수거함
서울특별시 동작구 사당로 10길 18,37.4844598,126.9693295,의류,사당5동,의류수거함
서울특별시 동작구 사당로 16가길 71,37.4842551,126.9697069,의류,사당5동,의류수거함
서울특별시 동작구 사당로 2차길 2,37.4877921,126.9648595,의류,사당5동,의류수거함
